--
-- PostgreSQL database dump
--

-- Dumped from database version 16.4
-- Dumped by pg_dump version 16.4

-- Started on 2024-10-13 16:51:13

SET statement_timeout = 0;
SET lock_timeout = 0;
SET idle_in_transaction_session_timeout = 0;
SET client_encoding = 'UTF8';
SET standard_conforming_strings = on;
SELECT pg_catalog.set_config('search_path', '', false);
SET check_function_bodies = false;
SET xmloption = content;
SET client_min_messages = warning;
SET row_security = off;

SET default_tablespace = '';

SET default_table_access_method = heap;

--
-- TOC entry 216 (class 1259 OID 25751)
-- Name: categories; Type: TABLE; Schema: public; Owner: postgres
--

CREATE TABLE public.categories (
    categoryid integer NOT NULL,
    categoryname character varying(255) NOT NULL
);


ALTER TABLE public.categories OWNER TO postgres;

--
-- TOC entry 215 (class 1259 OID 25750)
-- Name: categories_categoryid_seq; Type: SEQUENCE; Schema: public; Owner: postgres
--

CREATE SEQUENCE public.categories_categoryid_seq
    AS integer
    START WITH 1
    INCREMENT BY 1
    NO MINVALUE
    NO MAXVALUE
    CACHE 1;


ALTER SEQUENCE public.categories_categoryid_seq OWNER TO postgres;

--
-- TOC entry 4872 (class 0 OID 0)
-- Dependencies: 215
-- Name: categories_categoryid_seq; Type: SEQUENCE OWNED BY; Schema: public; Owner: postgres
--

ALTER SEQUENCE public.categories_categoryid_seq OWNED BY public.categories.categoryid;


--
-- TOC entry 220 (class 1259 OID 26186)
-- Name: orderdetails; Type: TABLE; Schema: public; Owner: postgres
--

CREATE TABLE public.orderdetails (
    id integer NOT NULL,
    orderid integer NOT NULL,
    price numeric(38,2) NOT NULL,
    productid integer NOT NULL,
    quantity integer NOT NULL
);


ALTER TABLE public.orderdetails OWNER TO postgres;

--
-- TOC entry 219 (class 1259 OID 26185)
-- Name: orderdetails_id_seq; Type: SEQUENCE; Schema: public; Owner: postgres
--

ALTER TABLE public.orderdetails ALTER COLUMN id ADD GENERATED BY DEFAULT AS IDENTITY (
    SEQUENCE NAME public.orderdetails_id_seq
    START WITH 1
    INCREMENT BY 1
    NO MINVALUE
    NO MAXVALUE
    CACHE 1
);


--
-- TOC entry 222 (class 1259 OID 26192)
-- Name: orders; Type: TABLE; Schema: public; Owner: postgres
--

CREATE TABLE public.orders (
    orderid integer NOT NULL,
    customeraddress character varying(255) NOT NULL,
    customername character varying(255) NOT NULL,
    customerphone character varying(255) NOT NULL,
    orderdate timestamp(6) without time zone NOT NULL,
    ordertotal numeric(38,2) NOT NULL
);


ALTER TABLE public.orders OWNER TO postgres;

--
-- TOC entry 221 (class 1259 OID 26191)
-- Name: orders_orderid_seq; Type: SEQUENCE; Schema: public; Owner: postgres
--

ALTER TABLE public.orders ALTER COLUMN orderid ADD GENERATED BY DEFAULT AS IDENTITY (
    SEQUENCE NAME public.orders_orderid_seq
    START WITH 1
    INCREMENT BY 1
    NO MINVALUE
    NO MAXVALUE
    CACHE 1
);


--
-- TOC entry 218 (class 1259 OID 25765)
-- Name: products; Type: TABLE; Schema: public; Owner: postgres
--

CREATE TABLE public.products (
    productid integer NOT NULL,
    productname character varying(255) NOT NULL,
    productdescription character varying(255),
    productprice numeric(10,2) NOT NULL,
    productstock integer NOT NULL,
    productimage character varying(255),
    categoryid integer NOT NULL
);


ALTER TABLE public.products OWNER TO postgres;

--
-- TOC entry 217 (class 1259 OID 25764)
-- Name: products_productid_seq; Type: SEQUENCE; Schema: public; Owner: postgres
--

CREATE SEQUENCE public.products_productid_seq
    AS integer
    START WITH 1
    INCREMENT BY 1
    NO MINVALUE
    NO MAXVALUE
    CACHE 1;


ALTER SEQUENCE public.products_productid_seq OWNER TO postgres;

--
-- TOC entry 4873 (class 0 OID 0)
-- Dependencies: 217
-- Name: products_productid_seq; Type: SEQUENCE OWNED BY; Schema: public; Owner: postgres
--

ALTER SEQUENCE public.products_productid_seq OWNED BY public.products.productid;


--
-- TOC entry 4703 (class 2604 OID 25754)
-- Name: categories categoryid; Type: DEFAULT; Schema: public; Owner: postgres
--

ALTER TABLE ONLY public.categories ALTER COLUMN categoryid SET DEFAULT nextval('public.categories_categoryid_seq'::regclass);


--
-- TOC entry 4704 (class 2604 OID 25768)
-- Name: products productid; Type: DEFAULT; Schema: public; Owner: postgres
--

ALTER TABLE ONLY public.products ALTER COLUMN productid SET DEFAULT nextval('public.products_productid_seq'::regclass);


--
-- TOC entry 4860 (class 0 OID 25751)
-- Dependencies: 216
-- Data for Name: categories; Type: TABLE DATA; Schema: public; Owner: postgres
--

COPY public.categories (categoryid, categoryname) FROM stdin;
1	Balo Laptop
2	Balo Du Lịch
4	Balo Thời Trang
5	Balo Thể Thao
6	Balo kéo
11	Balo trẻ em
\.


--
-- TOC entry 4864 (class 0 OID 26186)
-- Dependencies: 220
-- Data for Name: orderdetails; Type: TABLE DATA; Schema: public; Owner: postgres
--

COPY public.orderdetails (id, orderid, price, productid, quantity) FROM stdin;
23	14	500000.00	6	3
24	14	590000.00	7	1
25	15	500000.00	6	2
26	15	200000.00	2	2
27	16	570000.00	17	2
28	16	830000.00	10	2
\.


--
-- TOC entry 4866 (class 0 OID 26192)
-- Dependencies: 222
-- Data for Name: orders; Type: TABLE DATA; Schema: public; Owner: postgres
--

COPY public.orders (orderid, customeraddress, customername, customerphone, orderdate, ordertotal) FROM stdin;
14	Mỹ an	Như Ngọc	0987654321	2024-10-12 21:38:12.251672	2090000.00
15	Ba Sao	Ngọc Thy	0987654321	2024-10-12 21:39:34.713939	1400000.00
16	Bao Sao	Trần Thị Ngọc	0853639448	2024-10-13 16:42:25.167291	2800000.00
\.


--
-- TOC entry 4862 (class 0 OID 25765)
-- Dependencies: 218
-- Data for Name: products; Type: TABLE DATA; Schema: public; Owner: postgres
--

COPY public.products (productid, productname, productdescription, productprice, productstock, productimage, categoryid) FROM stdin;
1	Rubio	Balo chất liệu vải chống thấm nước, đựng vừa laptop 15 inch	570000.00	50	https://api.americantourister.vn/image/469a177b-b106-4956-98b4-afc934f4e506.jpeg	1
17	KIZTOPIA	Liên minh năng động này mang đến một loạt sản phẩm thú vị, thắp sáng trí tưởng tượng cho những "Nhà Thám Hiểm Nhí" trên toàn thế giới.	570000.00	20	https://api.americantourister.vn/image/4445df31-ceaf-480c-8ea7-e9349b690f08.jpeg	11
7	Grayson	Balo Grayson là một chiếc balo hiện đại sử dụng hàng ngày, được xử lý chống thấm nước bằng phương pháp hiện đại không chứa flo thân thiện với môi trường. 	590000.00	50	https://api.americantourister.vn/image/0b3b1c57-900f-40ad-92b5-fba032eaefee.jpeg	4
6	Zork 	Đai gài cần đẩy thông minh cho phép bạn cố định balo vào bất kỳ vali nào trong các chuyến hành trình. Lớp lót làm từ vật liệu tái chế PET được xử lý kháng khuẩn, ngăn sự phát triển của vi khuẩn trong quá trình sử dụng hàng ngày.	500000.00	50	https://api.americantourister.vn/image/3246b29c-f089-4d1d-9822-308968d01f1b.jpeg	1
2	Magna Pace	Balo du lịch 40L, nhiều ngăn tiện dụng	200000.00	30	https://api.americantourister.vn/image/3eebb87a-0bea-4ea0-aba2-b8d7a1e99100.jpeg	2
4	Urban Groove	Balo thời trang với thiết kế mới nhất	180000.00	25	https://api.americantourister.vn/image/831b6257-485a-4be4-8750-1e73d7447763.jpeg	4
5	Trent	Balo thể thao với ngăn đựng giày chuyên dụng	250000.00	20	https://api.americantourister.vn/image/0ae6dd07-973d-47b2-83c6-209c03b81f0a.jpeg	5
9	Vibe NXT	Dây đeo vai chắc chắn và có thể điều chỉnh, ngăn trước dễ dàng truy cập, ngăn bảo vệ laptop, bao trùm che mưa, đệm lưng êm ái và thoáng mát.	800000.00	20	https://api.americantourister.vn/image/af0e7529-792a-4abc-8969-9661b7b8777f.jpeg	1
8	Carter	Carter sử dụng hàng ngày với thiết kế hiện đại, sử dụng chất liệu thân thiện môi trường nhưng vẫn bảo đảm chống thấm nước	950000.00	50	https://api.americantourister.vn/image/710e2b2e-b1ee-486a-bc26-8901c2004b5c.jpeg	6
10	Avelyn	Thiết kế nhẹ nhàng, nhiều ngăn và túi, dây đeo vai công thái học và tấm lưng đệm tạo sự thoải mái tối đa khi di chuyển trong thành phố.	830000.00	20	https://api.americantourister.vn/image/86e0919e-6a6a-408c-8182-64c6d09689de.jpeg	4
13	Chupa Chups	Điểm nhấn đặc biệt của BST này chính là sự chú trọng đến tính sáng tạo và vệ sinh. Tất cả các sản phẩm đều được lót bằng chất liệu RPET thân thiện với môi trường, đồng thời được xử lý bằng công nghệ kháng khuẩn để đảm bảo an toàn vệ sinh. 	1200000.00	26	https://api.americantourister.vn/image/0b2c9585-8b90-4f7f-a0e2-f3e97be82336.jpeg	6
14	Aerostep	Thiết kế độc đáo, lấy cảm hứng từ bậc thang, hoàn thiện giữa bề mặt mờ và bóng, tôn lên vẻ đẹp rực rỡ của màu sắc. Bánh xe đôi xoay êm ái và hệ thống tổ chức nội thất thông minh giúp bạn sắp xếp hành lý dễ dàng, sẵn sàng cho mọi chuyến đi.	3800000.00	20	https://api.americantourister.vn/image/f9d65531-4483-4645-835f-f4f1c472e8f3.jpeg	6
16	Hall BTS	Để mang lại sự thoải mái tối đa, balo 01 R trang bị mặt lưng đệm êm ái, dây đai nén và dây đeo Tractum Suspension. Ngoài ra, balo còn đi kèm bao trùm chống nước dùng khi thời tiết ẩm ướt và dải phản quang giúp bạn an toàn trong điều kiện ánh sáng yếu.	870000.00	23	https://api.americantourister.vn/image/e48e3b00-7159-4c8e-abb3-c1f464b83a28.jpeg	2
\.


--
-- TOC entry 4874 (class 0 OID 0)
-- Dependencies: 215
-- Name: categories_categoryid_seq; Type: SEQUENCE SET; Schema: public; Owner: postgres
--

SELECT pg_catalog.setval('public.categories_categoryid_seq', 11, true);


--
-- TOC entry 4875 (class 0 OID 0)
-- Dependencies: 219
-- Name: orderdetails_id_seq; Type: SEQUENCE SET; Schema: public; Owner: postgres
--

SELECT pg_catalog.setval('public.orderdetails_id_seq', 28, true);


--
-- TOC entry 4876 (class 0 OID 0)
-- Dependencies: 221
-- Name: orders_orderid_seq; Type: SEQUENCE SET; Schema: public; Owner: postgres
--

SELECT pg_catalog.setval('public.orders_orderid_seq', 16, true);


--
-- TOC entry 4877 (class 0 OID 0)
-- Dependencies: 217
-- Name: products_productid_seq; Type: SEQUENCE SET; Schema: public; Owner: postgres
--

SELECT pg_catalog.setval('public.products_productid_seq', 17, true);


--
-- TOC entry 4706 (class 2606 OID 25756)
-- Name: categories categories_pkey; Type: CONSTRAINT; Schema: public; Owner: postgres
--

ALTER TABLE ONLY public.categories
    ADD CONSTRAINT categories_pkey PRIMARY KEY (categoryid);


--
-- TOC entry 4710 (class 2606 OID 26190)
-- Name: orderdetails orderdetails_pkey; Type: CONSTRAINT; Schema: public; Owner: postgres
--

ALTER TABLE ONLY public.orderdetails
    ADD CONSTRAINT orderdetails_pkey PRIMARY KEY (id);


--
-- TOC entry 4712 (class 2606 OID 26198)
-- Name: orders orders_pkey; Type: CONSTRAINT; Schema: public; Owner: postgres
--

ALTER TABLE ONLY public.orders
    ADD CONSTRAINT orders_pkey PRIMARY KEY (orderid);


--
-- TOC entry 4708 (class 2606 OID 25772)
-- Name: products products_pkey; Type: CONSTRAINT; Schema: public; Owner: postgres
--

ALTER TABLE ONLY public.products
    ADD CONSTRAINT products_pkey PRIMARY KEY (productid);


--
-- TOC entry 4714 (class 2606 OID 26251)
-- Name: orderdetails fk_order; Type: FK CONSTRAINT; Schema: public; Owner: postgres
--

ALTER TABLE ONLY public.orderdetails
    ADD CONSTRAINT fk_order FOREIGN KEY (orderid) REFERENCES public.orders(orderid) ON DELETE CASCADE;


--
-- TOC entry 4715 (class 2606 OID 26199)
-- Name: orderdetails fk_productid; Type: FK CONSTRAINT; Schema: public; Owner: postgres
--

ALTER TABLE ONLY public.orderdetails
    ADD CONSTRAINT fk_productid FOREIGN KEY (productid) REFERENCES public.products(productid);


--
-- TOC entry 4713 (class 2606 OID 25773)
-- Name: products products_categoryid_fkey; Type: FK CONSTRAINT; Schema: public; Owner: postgres
--

ALTER TABLE ONLY public.products
    ADD CONSTRAINT products_categoryid_fkey FOREIGN KEY (categoryid) REFERENCES public.categories(categoryid) ON DELETE CASCADE;


-- Completed on 2024-10-13 16:51:14

--
-- PostgreSQL database dump complete
--

